id;attivita;dal;al;datore_lavoro;sede_lavoro
1;monitor;2021-10-19;2021-10-19;vertical synthesizing;Computer
2;Optimization Concrete compressing;2021-10-18;2021-10-19;black Industrial Bike;ivory Money Market Account payment
3;Tunisia Intelligent Refined Rubber Bacon;2021-10-19;2021-10-19;contextually-based architectures;withdrawal
4;connect;2021-10-19;2021-10-19;Rustic mission-critical 5th generation;Coordinator Forint
5;Burundi Franc;2021-10-18;2021-10-19;Tasty;French Guiana synthesizing Crossing
6;bypass hub SCSI;2021-10-18;2021-10-19;synergies users;extensible
7;Chips;2021-10-19;2021-10-19;applications bifurcated;Soap
8;driver navigating;2021-10-18;2021-10-19;Cambridgeshire Industrial;markets
9;mesh Forks;2021-10-18;2021-10-19;JBOD aggregate Wooden;database tan Martinique
10;plum;2021-10-18;2021-10-19;homogeneous mission-critical Specialist;Principal payment
