id;cf;nome;cognome;data_nascita;sesso;telefono;email;citta;indirizzo;cap;provincia;regione
1;FTP moderator;bus;Borders Czech Republic;2021-09-22;index;"604952";Rosalyn.Walsh@gmail.com;reintermediate unleash workforce;innovative Buckinghamshire;"037";connect Avon Organic;Garden Corporate
2;innovative Rubber;payment optical Orchestrator;Small Steel Cheese Jewelery Shoes;2021-09-21;impactful application turquoise;"72191";Merritt_Harvey0@gmail.com;Armenian Dram;synthesize;"490";Incredible Electronics Refined Cotton Shoes;Inverse Clothing bleeding-edge
3;Optimization hacking Realigned;Hat User-friendly;generate;2021-09-21;input initiatives zero administration;"22";Bonita79@yahoo.com;cyan Clothing deposit;synthesize wireless Cotton;"768";Kids generating;Tactics maroon
4;syndicate Avon;Beauty transmit infomediaries;Total Licensed Reduced;2021-09-21;Granite Avon;"559";Dorthy.Johnson@yahoo.com;Awesome;sexy dynamic;"015";Monitored Baby withdrawal;Brunei Darussalam hybrid
5;Investment Account deposit payment;Rustic Wooden Chicken;calculate;2021-09-21;United Arab Emirates online;"7640";Lonie.Bins2@yahoo.com;24/7;Avon Jewelery;"36452";backing up;Saudi Arabia Kids Producer
6;backing up;virtual Pennsylvania Function-based;actuating Iowa Personal Loan Account;2021-09-22;Dynamic deposit Kentucky;"37964";Constance.Bartell@gmail.com;Gloves enhance Borders;Iraqi Dinar;"203539";JSON;Generic Communications
7;Chicken Pennsylvania;Burg;niches alarm clear-thinking;2021-09-22;Sweden maximized;"8";Justice38@hotmail.com;Borders;deposit;"85";District Ville;South Georgia and the South Sandwich Islands
8;index;withdrawal Toys client-driven;Home United States of America;2021-09-21;interactive facilitate;"118";Isabell.Padberg71@yahoo.com;Global Hat red;pink granular;"911109";Fort Road;Palau Extended
9;Configuration Avon;Rustic Frozen Soap;Steel Handmade Cotton Chicken;2021-09-22;Exclusive Benin Grocery;"05";Carey_Wilderman45@yahoo.com;contextually-based Credit Card Account;Central;"239";Applications Up-sized forecast;tan Cambridgeshire portals
10;Coordinator Rustic;Cotton Senior;sensor;2021-09-21;Licensed Granite Pants US Dollar bypass;"4";Darron_Halvorson24@hotmail.com;Croatian Kuna;generating;"95996";Optimization Response convergence;Unbranded Wooden Chips
