id;cf_utente;codice_esco_skill
1;communities Cambridgeshire Response;Graphical User Interface
2;West Virginia Burg;Bedfordshire Handcrafted
3;channels;navigating vertical
4;Baby program;mindshare deposit SMS
5;back up Health Savings Account;innovate Tools Manager
6;granular CFA Franc BCEAO;invoice protocol Bacon
7;Arkansas SMTP infrastructures;Data emulation
8;New Mexico violet;optical Money Market Account next generation
9;parse Buckinghamshire plum;Generic methodologies Grocery
10;sticky IB;indexing Solutions withdrawal
